Complexity,Freq,Status
8.149112751925383,5437.0,0muts
8.889951605425242,4886.0,0muts
7.408302557568789,4088.0,0muts
9.630761799781833,2214.0,0muts
5.92662485056907,1740.0,0muts
10.371600653281693,1207.0,0muts
6.66746370406893,897.0,0muts
5.1858146562124805,440.0,0muts
4.44497580271262,100.0,0muts
0.0,10.0,0muts
11.112439506781552,5.0,0muts
5.92662485056907,5715.0,1muts
0.0,3378.0,1muts
8.149112751925383,3163.0,1muts
7.408302557568789,2479.0,1muts
8.889951605425242,2366.0,1muts
5.1858146562124805,1748.0,1muts
9.630761799781833,893.0,1muts
6.66746370406893,543.0,1muts
10.371600653281693,486.0,1muts
4.44497580271262,251.0,1muts
11.112439506781552,2.0,1muts
5.92662485056907,7200.0,2muts
0.0,4564.0,2muts
8.149112751925383,2326.0,2muts
5.1858146562124805,2170.0,2muts
7.408302557568789,1760.0,2muts
8.889951605425242,1560.0,2muts
9.630761799781833,531.0,2muts
6.66746370406893,373.0,2muts
10.371600653281693,277.0,2muts
4.44497580271262,262.0,2muts
11.112439506781552,1.0,2muts
5.9266,1699753.0,Rand
0.0,467555351.0,Rand
5.9266,1184224.0,Rand
8.89,159480.0,Rand
5.1858,4317484.0,Rand
5.9266,5528101.0,Rand
6.6675,544401.0,Rand
5.9266,3806623.0,Rand
5.9266,3878480.0,Rand
5.9266,627075.0,Rand
5.9266,3007991.0,Rand
8.1491,935957.0,Rand
5.9266,7769494.0,Rand
5.9266,4860153.0,Rand
5.9266,3763304.0,Rand
5.9266,3156347.0,Rand
5.9266,2572493.0,Rand
5.9266,4411131.0,Rand
5.9266,2045958.0,Rand
5.1858,6191765.0,Rand
7.4083,514237.0,Rand
5.9266,5817196.0,Rand
5.9266,2801854.0,Rand
5.9266,2404011.0,Rand
5.9266,2427949.0,Rand
8.1491,241240.0,Rand
5.9266,2256463.0,Rand
5.9266,3069375.0,Rand
5.9266,2140277.0,Rand
7.4083,333204.0,Rand
5.1858,2186008.0,Rand
5.1858,1798520.0,Rand
5.1858,2014163.0,Rand
5.9266,4486077.0,Rand
5.9266,3785535.0,Rand
8.1491,233574.0,Rand
5.9266,3340509.0,Rand
5.9266,1923627.0,Rand
5.9266,3171886.0,Rand
5.9266,537222.0,Rand
5.9266,2058726.0,Rand
5.9266,1219500.0,Rand
5.9266,3436814.0,Rand
5.9266,3865503.0,Rand
5.9266,2893269.0,Rand
5.1858,2464655.0,Rand
5.9266,2554300.0,Rand
5.9266,2799365.0,Rand
5.9266,1379939.0,Rand
5.1858,2104564.0,Rand
4.445,4222611.0,Rand
5.9266,4094752.0,Rand
5.9266,2325365.0,Rand
5.9266,4236172.0,Rand
6.6675,586356.0,Rand
8.1491,418727.0,Rand
5.9266,2528415.0,Rand
5.1858,5654006.0,Rand
5.9266,5070818.0,Rand
5.9266,1306375.0,Rand
5.1858,2381099.0,Rand
5.9266,3633469.0,Rand
5.9266,1445202.0,Rand
5.1858,3485163.0,Rand
5.9266,2233556.0,Rand
5.9266,2328174.0,Rand
5.1858,1755195.0,Rand
8.89,20871.0,Rand
5.1858,5436206.0,Rand
5.1858,4007872.0,Rand
8.1491,152426.0,Rand
5.9266,2737422.0,Rand
9.6308,350792.0,Rand
5.9266,4604197.0,Rand
5.9266,1498117.0,Rand
8.1491,343147.0,Rand
5.9266,3059246.0,Rand
5.9266,1360638.0,Rand
5.9266,4513291.0,Rand
5.9266,3116057.0,Rand
5.9266,521239.0,Rand
5.9266,4207868.0,Rand
5.9266,3295258.0,Rand
5.1858,3745481.0,Rand
5.1858,1677204.0,Rand
7.4083,201275.0,Rand
5.9266,2004802.0,Rand
5.9266,1248222.0,Rand
8.1491,115965.0,Rand
5.1858,4971973.0,Rand
8.89,114385.0,Rand
5.9266,4697291.0,Rand
10.3716,107892.0,Rand
5.9266,4015281.0,Rand
5.9266,2641017.0,Rand
5.1858,4559483.0,Rand
5.1858,1424851.0,Rand
5.9266,664848.0,Rand
5.9266,3177391.0,Rand
5.1858,3644166.0,Rand
5.9266,3224562.0,Rand
5.9266,3322277.0,Rand
5.9266,3037794.0,Rand
8.1491,226411.0,Rand
8.1491,111889.0,Rand
5.9266,2186805.0,Rand
8.1491,36254.0,Rand
5.1858,5105103.0,Rand
6.6675,201390.0,Rand
5.9266,2381410.0,Rand
5.9266,724758.0,Rand
5.9266,801012.0,Rand
8.89,71275.0,Rand
5.9266,4792801.0,Rand
5.9266,1387760.0,Rand
5.9266,1142857.0,Rand
8.1491,81226.0,Rand
8.89,50045.0,Rand
5.9266,2381242.0,Rand
5.1858,4735720.0,Rand
5.1858,2088659.0,Rand
8.89,824.0,Rand
5.9266,3875758.0,Rand
8.1491,372979.0,Rand
8.1491,100809.0,Rand
8.89,2018.0,Rand
5.9266,2837531.0,Rand
5.9266,3696223.0,Rand
8.1491,654345.0,Rand
5.9266,1229544.0,Rand
5.9266,1091279.0,Rand
8.1491,333861.0,Rand
5.9266,3425839.0,Rand
8.89,112135.0,Rand
4.445,2587063.0,Rand
5.9266,5500049.0,Rand
5.9266,3139179.0,Rand
8.1491,28450.0,Rand
5.1858,3297183.0,Rand
8.1491,302015.0,Rand
7.4083,129253.0,Rand
5.1858,1100916.0,Rand
7.4083,99640.0,Rand
5.9266,1251447.0,Rand
5.1858,2011894.0,Rand
4.445,1735091.0,Rand
9.6308,591567.0,Rand
6.6675,177840.0,Rand
5.9266,1984430.0,Rand
7.4083,329603.0,Rand
8.89,360903.0,Rand
5.9266,5143426.0,Rand
8.89,216072.0,Rand
5.9266,2014376.0,Rand
5.9266,5186688.0,Rand
5.1858,3932509.0,Rand
5.9266,690476.0,Rand
8.89,291894.0,Rand
5.9266,3593132.0,Rand
8.1491,33219.0,Rand
5.9266,3187780.0,Rand
8.1491,132584.0,Rand
10.3716,397740.0,Rand
8.1491,270962.0,Rand
8.1491,283370.0,Rand
7.4083,115143.0,Rand
5.1858,1196404.0,Rand
10.3716,234724.0,Rand
6.6675,186679.0,Rand
5.9266,3721613.0,Rand
5.9266,7478711.0,Rand
5.9266,3007874.0,Rand
5.9266,2348102.0,Rand
5.9266,2620966.0,Rand
5.9266,3586663.0,Rand
8.1491,137216.0,Rand
5.1858,1892575.0,Rand
5.9266,2142099.0,Rand
6.6675,76439.0,Rand
8.1491,262790.0,Rand
5.9266,2761970.0,Rand
9.6308,156159.0,Rand
8.1491,291467.0,Rand
7.4083,280490.0,Rand
8.1491,52097.0,Rand
9.6308,362893.0,Rand
7.4083,216322.0,Rand
8.89,84719.0,Rand
5.9266,1944330.0,Rand
9.6308,48192.0,Rand
5.1858,1758391.0,Rand
5.9266,1539930.0,Rand
5.9266,1327861.0,Rand
5.9266,127624.0,Rand
5.9266,976923.0,Rand
5.9266,2781593.0,Rand
5.9266,1613301.0,Rand
8.89,185327.0,Rand
5.1858,1136401.0,Rand
5.1858,1203454.0,Rand
5.9266,5590123.0,Rand
8.89,155232.0,Rand
8.89,234433.0,Rand
5.9266,1539260.0,Rand
5.1858,1879050.0,Rand
4.445,2510239.0,Rand
7.4083,36328.0,Rand
7.4083,91910.0,Rand
5.1858,1637030.0,Rand
5.9266,654135.0,Rand
5.9266,1468586.0,Rand
5.1858,1919283.0,Rand
8.89,82539.0,Rand
5.9266,702283.0,Rand
8.1491,298481.0,Rand
7.4083,347838.0,Rand
8.89,58705.0,Rand
7.4083,167320.0,Rand
8.1491,212568.0,Rand
7.4083,99300.0,Rand
8.89,96697.0,Rand
8.89,477515.0,Rand
9.6308,279334.0,Rand
5.9266,571786.0,Rand
5.9266,1933426.0,Rand
7.4083,90280.0,Rand
8.1491,176655.0,Rand
5.9266,1663276.0,Rand
8.89,136630.0,Rand
5.9266,2048884.0,Rand
7.4083,25762.0,Rand
8.89,104244.0,Rand
8.1491,144019.0,Rand
8.1491,97558.0,Rand
7.4083,397034.0,Rand
8.89,100344.0,Rand
7.4083,58848.0,Rand
5.9266,2908942.0,Rand
8.1491,262929.0,Rand
5.1858,3809439.0,Rand
8.89,201040.0,Rand
5.1858,4372759.0,Rand
5.9266,1859637.0,Rand
7.4083,35964.0,Rand
5.9266,2299880.0,Rand
7.4083,270818.0,Rand
5.9266,324900.0,Rand
8.1491,91383.0,Rand
7.4083,61399.0,Rand
7.4083,145554.0,Rand
6.6675,101156.0,Rand
5.9266,373564.0,Rand
8.89,192632.0,Rand
8.1491,67750.0,Rand
7.4083,128711.0,Rand
7.4083,339989.0,Rand
7.4083,785035.0,Rand
5.1858,1087777.0,Rand
8.89,676074.0,Rand
7.4083,18168.0,Rand
8.1491,127881.0,Rand
8.1491,117453.0,Rand
10.3716,50008.0,Rand
8.1491,296435.0,Rand
8.89,320333.0,Rand
7.4083,65113.0,Rand
5.9266,1496783.0,Rand
8.89,212176.0,Rand
7.4083,498782.0,Rand
7.4083,394214.0,Rand
7.4083,215235.0,Rand
8.89,272408.0,Rand
8.1491,2759.0,Rand
8.1491,215789.0,Rand
8.89,380489.0,Rand
5.9266,583946.0,Rand
5.9266,1738005.0,Rand
5.9266,807505.0,Rand
7.4083,46662.0,Rand
8.1491,508581.0,Rand
8.89,36584.0,Rand
7.4083,190299.0,Rand
8.89,127838.0,Rand
7.4083,237987.0,Rand
9.6308,863347.0,Rand
8.1491,547.0,Rand
7.4083,199715.0,Rand
8.89,116449.0,Rand
5.9266,951740.0,Rand
8.1491,324099.0,Rand
8.89,13098.0,Rand
8.1491,192355.0,Rand
8.1491,3899.0,Rand
8.1491,31989.0,Rand
9.6308,370794.0,Rand
10.3716,59306.0,Rand
8.1491,162525.0,Rand
10.3716,256753.0,Rand
8.1491,137007.0,Rand
5.9266,167207.0,Rand
8.1491,619214.0,Rand
9.6308,142632.0,Rand
7.4083,144757.0,Rand
5.9266,605812.0,Rand
8.1491,474032.0,Rand
8.89,5994.0,Rand
8.1491,181399.0,Rand
7.4083,6561.0,Rand
8.1491,188231.0,Rand
9.6308,526895.0,Rand
8.1491,40150.0,Rand
8.1491,73700.0,Rand
9.6308,55085.0,Rand
7.4083,360187.0,Rand
8.1491,437861.0,Rand
8.1491,17716.0,Rand
8.1491,101953.0,Rand
5.9266,172000.0,Rand
8.1491,161525.0,Rand
7.4083,156185.0,Rand
8.89,152126.0,Rand
5.9266,224536.0,Rand
8.89,86777.0,Rand
5.9266,641893.0,Rand
8.1491,110143.0,Rand
8.1491,37455.0,Rand
9.6308,3251.0,Rand
7.4083,444579.0,Rand
8.1491,263625.0,Rand
8.1491,321686.0,Rand
10.3716,263963.0,Rand
8.1491,88241.0,Rand
8.89,229729.0,Rand
7.4083,386814.0,Rand
8.1491,354806.0,Rand
5.9266,1444055.0,Rand
8.1491,66925.0,Rand
7.4083,111830.0,Rand
5.9266,1288842.0,Rand
8.1491,259320.0,Rand
8.1491,161242.0,Rand
6.6675,71274.0,Rand
7.4083,302257.0,Rand
8.89,451641.0,Rand
8.1491,313511.0,Rand
9.6308,170964.0,Rand
8.1491,127115.0,Rand
7.4083,265569.0,Rand
8.1491,154428.0,Rand
8.89,104444.0,Rand
8.89,736716.0,Rand
8.89,316693.0,Rand
7.4083,96507.0,Rand
8.1491,316154.0,Rand
8.1491,79660.0,Rand
8.89,249239.0,Rand
7.4083,70734.0,Rand
6.6675,94186.0,Rand
10.3716,17279.0,Rand
7.4083,64025.0,Rand
7.4083,38385.0,Rand
7.4083,161217.0,Rand
8.1491,96046.0,Rand
8.1491,10606.0,Rand
8.89,237374.0,Rand
5.9266,201776.0,Rand
7.4083,126193.0,Rand
8.1491,114720.0,Rand
9.6308,490033.0,Rand
8.89,12972.0,Rand
9.6308,225816.0,Rand
9.6308,13567.0,Rand
9.6308,112210.0,Rand
7.4083,48956.0,Rand
5.9266,1614238.0,Rand
7.4083,89238.0,Rand
7.4083,188083.0,Rand
8.1491,28844.0,Rand
5.9266,339232.0,Rand
9.6308,4722.0,Rand
7.4083,85084.0,Rand
8.1491,204403.0,Rand
7.4083,119387.0,Rand
7.4083,345422.0,Rand
8.89,202607.0,Rand
8.89,221917.0,Rand
7.4083,101919.0,Rand
5.9266,262089.0,Rand
9.6308,29140.0,Rand
6.6675,56790.0,Rand
8.1491,636215.0,Rand
8.89,281091.0,Rand
8.1491,248860.0,Rand
10.3716,3128.0,Rand
7.4083,77298.0,Rand
8.1491,200178.0,Rand
8.1491,177900.0,Rand
9.6308,3695.0,Rand
8.1491,131629.0,Rand
7.4083,69217.0,Rand
7.4083,329640.0,Rand
8.1491,8007.0,Rand
7.4083,77186.0,Rand
8.89,215467.0,Rand
8.89,197609.0,Rand
6.6675,90517.0,Rand
7.4083,119349.0,Rand
8.1491,252773.0,Rand
8.1491,324582.0,Rand
8.1491,159205.0,Rand
8.89,101736.0,Rand
7.4083,3674.0,Rand
7.4083,170122.0,Rand
7.4083,105697.0,Rand
9.6308,32543.0,Rand
7.4083,25035.0,Rand
7.4083,108263.0,Rand
8.1491,8297.0,Rand
8.1491,137079.0,Rand
7.4083,281665.0,Rand
7.4083,159154.0,Rand
8.1491,257174.0,Rand
6.6675,141989.0,Rand
8.1491,44939.0,Rand
8.1491,113859.0,Rand
8.89,279910.0,Rand
7.4083,146840.0,Rand
8.89,56180.0,Rand
7.4083,164912.0,Rand
6.6675,25835.0,Rand
7.4083,136507.0,Rand
7.4083,36864.0,Rand
7.4083,176615.0,Rand
8.1491,248579.0,Rand
8.89,11674.0,Rand
8.1491,121144.0,Rand
6.6675,54187.0,Rand
7.4083,37086.0,Rand
5.9266,136256.0,Rand
7.4083,190759.0,Rand
8.1491,193577.0,Rand
10.3716,125617.0,Rand
8.1491,179338.0,Rand
8.1491,155920.0,Rand
7.4083,48854.0,Rand
8.89,64284.0,Rand
7.4083,424444.0,Rand
8.1491,239268.0,Rand
8.1491,140159.0,Rand
8.1491,236329.0,Rand
8.1491,21000.0,Rand
5.9266,1331754.0,Rand
8.1491,86938.0,Rand
8.89,176212.0,Rand
5.9266,159815.0,Rand
5.9266,618575.0,Rand
8.1491,215309.0,Rand
8.1491,136677.0,Rand
8.1491,86875.0,Rand
8.1491,438535.0,Rand
8.89,2628.0,Rand
8.1491,153872.0,Rand
7.4083,244016.0,Rand
6.6675,22952.0,Rand
6.6675,73612.0,Rand
8.1491,29877.0,Rand
8.1491,26798.0,Rand
9.6308,116200.0,Rand
5.9266,137188.0,Rand
7.4083,7432.0,Rand
8.1491,36885.0,Rand
7.4083,99709.0,Rand
7.4083,27052.0,Rand
8.1491,77990.0,Rand
8.1491,104989.0,Rand
8.1491,209626.0,Rand
7.4083,121524.0,Rand
7.4083,23094.0,Rand
8.1491,87975.0,Rand
8.1491,38419.0,Rand
8.1491,47754.0,Rand
7.4083,150378.0,Rand
8.1491,2247.0,Rand
7.4083,50949.0,Rand
7.4083,135100.0,Rand
8.1491,80461.0,Rand
7.4083,157927.0,Rand
9.6308,189631.0,Rand
5.9266,194806.0,Rand
8.89,187485.0,Rand
8.1491,478159.0,Rand
7.4083,266497.0,Rand
8.1491,102491.0,Rand
5.9266,162294.0,Rand
8.1491,3128.0,Rand
8.89,98542.0,Rand
7.4083,98068.0,Rand
7.4083,127430.0,Rand
7.4083,47378.0,Rand
8.1491,259594.0,Rand
8.89,21349.0,Rand
8.89,89518.0,Rand
8.89,109585.0,Rand
7.4083,108105.0,Rand
8.1491,102049.0,Rand
10.3716,311086.0,Rand
9.6308,595.0,Rand
8.89,73787.0,Rand
8.1491,50344.0,Rand
6.6675,5193.0,Rand
8.89,146774.0,Rand
7.4083,28562.0,Rand
5.9266,211831.0,Rand
8.1491,386746.0,Rand
8.89,127828.0,Rand
8.1491,58701.0,Rand
7.4083,106821.0,Rand
7.4083,108008.0,Rand
8.1491,2394.0,Rand
7.4083,50693.0,Rand
8.1491,315742.0,Rand
8.89,30222.0,Rand
7.4083,203469.0,Rand
8.1491,49348.0,Rand
6.6675,72424.0,Rand
7.4083,77670.0,Rand
8.89,230980.0,Rand
5.1858,52514.0,Rand
8.89,269367.0,Rand
7.4083,30240.0,Rand
5.9266,6287.0,Rand
7.4083,122456.0,Rand
7.4083,57672.0,Rand
8.1491,145277.0,Rand
10.3716,333829.0,Rand
7.4083,68953.0,Rand
8.1491,152013.0,Rand
8.1491,65634.0,Rand
5.9266,116691.0,Rand
8.1491,8054.0,Rand
8.89,98926.0,Rand
8.1491,57304.0,Rand
8.1491,85222.0,Rand
7.4083,142619.0,Rand
7.4083,4659.0,Rand
8.89,69094.0,Rand
8.1491,138112.0,Rand
8.1491,119008.0,Rand
8.89,43923.0,Rand
8.1491,38587.0,Rand
7.4083,140308.0,Rand
8.89,48666.0,Rand
7.4083,37361.0,Rand
8.1491,24663.0,Rand
7.4083,64517.0,Rand
9.6308,36704.0,Rand
8.1491,116850.0,Rand
7.4083,23140.0,Rand
9.6308,50744.0,Rand
6.6675,40861.0,Rand
8.1491,21411.0,Rand
8.1491,43428.0,Rand
6.6675,39043.0,Rand
9.6308,21622.0,Rand
8.89,35349.0,Rand
8.89,91884.0,Rand
8.89,711.0,Rand
8.89,124012.0,Rand
8.1491,128866.0,Rand
9.6308,3958.0,Rand
6.6675,72311.0,Rand
8.1491,106770.0,Rand
7.4083,32954.0,Rand
8.1491,33152.0,Rand
8.89,141611.0,Rand
8.1491,133489.0,Rand
6.6675,71691.0,Rand
7.4083,29039.0,Rand
6.6675,53598.0,Rand
9.6308,24208.0,Rand
8.89,99339.0,Rand
7.4083,27538.0,Rand
8.89,172528.0,Rand
6.6675,58164.0,Rand
9.6308,33226.0,Rand
8.1491,42282.0,Rand
7.4083,84680.0,Rand
8.89,114220.0,Rand
8.1491,14058.0,Rand
8.1491,2455.0,Rand
7.4083,33307.0,Rand
8.1491,209788.0,Rand
8.89,201351.0,Rand
7.4083,128430.0,Rand
8.89,64707.0,Rand
9.6308,14165.0,Rand
7.4083,9437.0,Rand
8.89,58461.0,Rand
7.4083,117589.0,Rand
7.4083,67790.0,Rand
8.89,234574.0,Rand
7.4083,165319.0,Rand
8.1491,174520.0,Rand
8.1491,11866.0,Rand
7.4083,30395.0,Rand
7.4083,20361.0,Rand
10.3716,1126.0,Rand
9.6308,35708.0,Rand
8.1491,17896.0,Rand
8.89,85198.0,Rand
8.1491,70162.0,Rand
9.6308,20820.0,Rand
8.89,35820.0,Rand
8.89,153999.0,Rand
7.4083,12382.0,Rand
8.1491,9868.0,Rand
8.1491,20461.0,Rand
7.4083,75882.0,Rand
7.4083,83881.0,Rand
8.1491,42810.0,Rand
7.4083,9110.0,Rand
6.6675,18082.0,Rand
8.1491,9699.0,Rand
8.89,2475.0,Rand
8.1491,51546.0,Rand
8.89,1793.0,Rand
8.89,124186.0,Rand
7.4083,71034.0,Rand
7.4083,56735.0,Rand
8.89,155706.0,Rand
8.89,23612.0,Rand
7.4083,68483.0,Rand
7.4083,37790.0,Rand
8.1491,53476.0,Rand
7.4083,133877.0,Rand
7.4083,32585.0,Rand
8.1491,55177.0,Rand
8.1491,28082.0,Rand
8.89,84956.0,Rand
5.9266,7475.0,Rand
5.9266,217969.0,Rand
8.1491,2661.0,Rand
10.3716,7912.0,Rand
9.6308,20965.0,Rand
7.4083,97415.0,Rand
8.1491,130187.0,Rand
6.6675,5264.0,Rand
7.4083,205768.0,Rand
8.89,3528.0,Rand
8.89,60265.0,Rand
8.1491,35127.0,Rand
7.4083,96348.0,Rand
6.6675,67428.0,Rand
7.4083,55572.0,Rand
8.89,31012.0,Rand
7.4083,97257.0,Rand
8.89,41162.0,Rand
7.4083,42035.0,Rand
7.4083,28376.0,Rand
6.6675,108815.0,Rand
7.4083,59807.0,Rand
8.1491,30384.0,Rand
8.89,21608.0,Rand
9.6308,15277.0,Rand
6.6675,15972.0,Rand
6.6675,31682.0,Rand
8.89,92148.0,Rand
7.4083,37762.0,Rand
7.4083,34318.0,Rand
8.1491,9104.0,Rand
8.1491,113466.0,Rand
8.89,21104.0,Rand
8.1491,113746.0,Rand
7.4083,18569.0,Rand
8.89,13742.0,Rand
8.1491,16418.0,Rand
9.6308,2604.0,Rand
8.89,33413.0,Rand
8.1491,71835.0,Rand
10.3716,91757.0,Rand
8.1491,82895.0,Rand
8.1491,100929.0,Rand
7.4083,29282.0,Rand
8.89,3243.0,Rand
7.4083,102657.0,Rand
8.89,13914.0,Rand
8.1491,31461.0,Rand
7.4083,83409.0,Rand
8.89,13579.0,Rand
10.3716,29465.0,Rand
7.4083,31199.0,Rand
8.89,33377.0,Rand
8.1491,3420.0,Rand
7.4083,24935.0,Rand
8.89,4211.0,Rand
10.3716,3897.0,Rand
8.89,8894.0,Rand
8.89,37370.0,Rand
10.3716,16594.0,Rand
9.6308,983.0,Rand
8.1491,3946.0,Rand
8.1491,54848.0,Rand
10.3716,189848.0,Rand
8.1491,55921.0,Rand
5.9266,14359.0,Rand
7.4083,159004.0,Rand
8.1491,11361.0,Rand
8.89,67177.0,Rand
7.4083,40739.0,Rand
9.6308,37166.0,Rand
5.9266,2076.0,Rand
10.3716,72109.0,Rand
9.6308,2170.0,Rand
6.6675,184998.0,Rand
8.89,586.0,Rand
8.1491,20311.0,Rand
8.1491,97560.0,Rand
8.89,6091.0,Rand
8.89,35655.0,Rand
5.9266,3167.0,Rand
9.6308,32753.0,Rand
7.4083,44045.0,Rand
8.89,4915.0,Rand
8.1491,22700.0,Rand
8.1491,15048.0,Rand
6.6675,82475.0,Rand
8.89,50747.0,Rand
6.6675,9345.0,Rand
7.4083,1187.0,Rand
9.6308,18807.0,Rand
8.89,3748.0,Rand
9.6308,4025.0,Rand
9.6308,14629.0,Rand
7.4083,136498.0,Rand
6.6675,42241.0,Rand
7.4083,3192.0,Rand
8.1491,50391.0,Rand
7.4083,32929.0,Rand
8.1491,29052.0,Rand
8.89,12383.0,Rand
7.4083,26851.0,Rand
9.6308,1376.0,Rand
7.4083,10998.0,Rand
7.4083,21863.0,Rand
7.4083,21245.0,Rand
8.1491,6647.0,Rand
8.89,5982.0,Rand
7.4083,1700.0,Rand
8.1491,16680.0,Rand
7.4083,6305.0,Rand
8.89,10746.0,Rand
9.6308,5079.0,Rand
8.1491,103193.0,Rand
8.89,1999.0,Rand
9.6308,6433.0,Rand
9.6308,44488.0,Rand
8.1491,65234.0,Rand
9.6308,35287.0,Rand
7.4083,53605.0,Rand
8.1491,106708.0,Rand
8.1491,9458.0,Rand
8.89,5039.0,Rand
9.6308,28386.0,Rand
7.4083,52551.0,Rand
8.89,54862.0,Rand
9.6308,9574.0,Rand
10.3716,908.0,Rand
7.4083,2672.0,Rand
8.89,96742.0,Rand
8.89,7711.0,Rand
5.9266,156408.0,Rand
8.89,22892.0,Rand
10.3716,3494.0,Rand
8.89,4989.0,Rand
9.6308,10423.0,Rand
8.1491,28105.0,Rand
6.6675,16363.0,Rand
7.4083,86598.0,Rand
7.4083,110409.0,Rand
7.4083,28825.0,Rand
9.6308,47118.0,Rand
8.1491,10832.0,Rand
8.89,14992.0,Rand
9.6308,2823.0,Rand
8.1491,15379.0,Rand
4.445,5870.0,Rand
6.6675,5801.0,Rand
8.1491,3622.0,Rand
7.4083,21654.0,Rand
8.1491,9615.0,Rand
8.1491,27093.0,Rand
8.1491,28111.0,Rand
7.4083,24367.0,Rand
8.1491,8620.0,Rand
8.1491,100279.0,Rand
9.6308,12404.0,Rand
9.6308,4782.0,Rand
8.1491,68465.0,Rand
7.4083,774.0,Rand
8.89,4152.0,Rand
8.89,14575.0,Rand
8.1491,6664.0,Rand
8.1491,5788.0,Rand
8.1491,49578.0,Rand
7.4083,37238.0,Rand
7.4083,10755.0,Rand
8.1491,53465.0,Rand
8.1491,38072.0,Rand
8.1491,26629.0,Rand
7.4083,24922.0,Rand
10.3716,5115.0,Rand
10.3716,13458.0,Rand
7.4083,67693.0,Rand
9.6308,1756.0,Rand
8.1491,20286.0,Rand
9.6308,54918.0,Rand
8.89,10324.0,Rand
8.1491,55572.0,Rand
8.1491,1233.0,Rand
7.4083,46815.0,Rand
8.89,7217.0,Rand
7.4083,3204.0,Rand
7.4083,10751.0,Rand
8.89,34973.0,Rand
8.1491,48925.0,Rand
9.6308,2741.0,Rand
6.6675,24989.0,Rand
7.4083,26897.0,Rand
8.89,61.0,Rand
8.1491,25833.0,Rand
8.1491,11735.0,Rand
8.1491,11510.0,Rand
7.4083,72109.0,Rand
9.6308,3244.0,Rand
8.89,25920.0,Rand
10.3716,1845.0,Rand
6.6675,9793.0,Rand
7.4083,11200.0,Rand
8.89,24266.0,Rand
9.6308,24673.0,Rand
5.9266,6905.0,Rand
8.89,19751.0,Rand
7.4083,100157.0,Rand
8.1491,54678.0,Rand
7.4083,7973.0,Rand
7.4083,10059.0,Rand
8.89,6475.0,Rand
8.1491,19932.0,Rand
7.4083,49939.0,Rand
7.4083,25340.0,Rand
8.1491,14890.0,Rand
6.6675,76657.0,Rand
7.4083,73070.0,Rand
8.89,14570.0,Rand
9.6308,2454.0,Rand
9.6308,11089.0,Rand
8.1491,640.0,Rand
6.6675,44367.0,Rand
8.89,15973.0,Rand
8.1491,23441.0,Rand
8.1491,42909.0,Rand
8.1491,19983.0,Rand
8.89,9539.0,Rand
7.4083,17663.0,Rand
8.89,677.0,Rand
7.4083,42733.0,Rand
8.1491,11511.0,Rand
7.4083,27842.0,Rand
7.4083,27833.0,Rand
4.445,1882.0,Rand
5.9266,5941.0,Rand
8.89,52112.0,Rand
8.89,2478.0,Rand
8.1491,13190.0,Rand
10.3716,5363.0,Rand
8.1491,4021.0,Rand
8.89,5716.0,Rand
9.6308,5016.0,Rand
6.6675,505.0,Rand
8.89,38035.0,Rand
8.1491,17428.0,Rand
8.89,10994.0,Rand
8.89,3593.0,Rand
7.4083,4876.0,Rand
8.1491,55874.0,Rand
8.1491,4809.0,Rand
7.4083,8697.0,Rand
7.4083,6442.0,Rand
8.1491,3516.0,Rand
8.89,1252.0,Rand
8.89,39411.0,Rand
8.89,1364.0,Rand
8.89,50462.0,Rand
8.1491,1640.0,Rand
8.1491,57578.0,Rand
7.4083,43521.0,Rand
7.4083,58138.0,Rand
8.89,14027.0,Rand
7.4083,34212.0,Rand
8.1491,4050.0,Rand
10.3716,4892.0,Rand
9.6308,3266.0,Rand
7.4083,5985.0,Rand
8.1491,26908.0,Rand
8.1491,43330.0,Rand
8.89,4237.0,Rand
8.89,14796.0,Rand
8.1491,7051.0,Rand
8.1491,38649.0,Rand
8.1491,17963.0,Rand
7.4083,26518.0,Rand
7.4083,14870.0,Rand
9.6308,1868.0,Rand
6.6675,46359.0,Rand
8.89,8191.0,Rand
8.89,5814.0,Rand
8.1491,12571.0,Rand
8.1491,6583.0,Rand
7.4083,18262.0,Rand
7.4083,21971.0,Rand
8.1491,45854.0,Rand
6.6675,10427.0,Rand
7.4083,23534.0,Rand
8.89,4436.0,Rand
5.9266,7732.0,Rand
8.1491,18986.0,Rand
8.89,4551.0,Rand
8.1491,25716.0,Rand
8.89,1949.0,Rand
8.1491,2370.0,Rand
8.1491,11954.0,Rand
8.1491,1291.0,Rand
8.1491,41391.0,Rand
8.1491,4695.0,Rand
6.6675,8520.0,Rand
7.4083,4111.0,Rand
7.4083,11204.0,Rand
8.1491,797.0,Rand
8.1491,53700.0,Rand
9.6308,9668.0,Rand
8.89,25969.0,Rand
6.6675,20915.0,Rand
9.6308,1455.0,Rand
8.89,30692.0,Rand
7.4083,5923.0,Rand
8.1491,2011.0,Rand
7.4083,8106.0,Rand
8.89,45996.0,Rand
8.89,1195.0,Rand
6.6675,27117.0,Rand
8.89,3404.0,Rand
8.1491,12457.0,Rand
7.4083,6938.0,Rand
9.6308,24975.0,Rand
8.89,113.0,Rand
8.89,39689.0,Rand
7.4083,8828.0,Rand
8.1491,2571.0,Rand
8.89,30127.0,Rand
7.4083,15774.0,Rand
8.89,1875.0,Rand
8.89,11599.0,Rand
8.89,3703.0,Rand
9.6308,10738.0,Rand
8.1491,5399.0,Rand
7.4083,3575.0,Rand
7.4083,19021.0,Rand
8.89,56.0,Rand
7.4083,9477.0,Rand
10.3716,1899.0,Rand
7.4083,3492.0,Rand
8.89,11121.0,Rand
10.3716,5743.0,Rand
8.1491,4008.0,Rand
8.1491,8175.0,Rand
8.89,2371.0,Rand
7.4083,1975.0,Rand
8.1491,13578.0,Rand
8.89,6021.0,Rand
9.6308,4111.0,Rand
8.1491,2811.0,Rand
5.1858,2979.0,Rand
8.89,4889.0,Rand
8.1491,13106.0,Rand
8.1491,1597.0,Rand
10.3716,2932.0,Rand
6.6675,33283.0,Rand
8.1491,2986.0,Rand
8.89,4822.0,Rand
8.1491,4217.0,Rand
8.1491,41327.0,Rand
7.4083,18923.0,Rand
8.89,30888.0,Rand
8.89,23018.0,Rand
9.6308,3926.0,Rand
5.1858,3060.0,Rand
7.4083,8687.0,Rand
8.1491,4158.0,Rand
8.1491,25015.0,Rand
8.1491,4753.0,Rand
6.6675,25660.0,Rand
8.1491,6337.0,Rand
7.4083,3283.0,Rand
8.89,3141.0,Rand
7.4083,29109.0,Rand
7.4083,266.0,Rand
9.6308,2660.0,Rand
5.1858,2045.0,Rand
9.6308,10495.0,Rand
8.89,1987.0,Rand
8.89,5185.0,Rand
8.1491,44867.0,Rand
8.1491,5984.0,Rand
8.1491,716.0,Rand
7.4083,64115.0,Rand
8.89,12299.0,Rand
8.1491,2675.0,Rand
10.3716,12944.0,Rand
7.4083,2753.0,Rand
8.1491,2538.0,Rand
6.6675,7038.0,Rand
9.6308,4965.0,Rand
8.89,6112.0,Rand
8.89,14241.0,Rand
8.89,1504.0,Rand
5.9266,1324.0,Rand
9.6308,2575.0,Rand
8.89,4405.0,Rand
10.3716,15650.0,Rand
7.4083,13572.0,Rand
6.6675,6406.0,Rand
10.3716,1941.0,Rand
9.6308,12171.0,Rand
5.9266,5912.0,Rand
8.1491,1937.0,Rand
8.89,3566.0,Rand
8.89,12521.0,Rand
7.4083,3419.0,Rand
7.4083,2083.0,Rand
7.4083,17366.0,Rand
8.89,1529.0,Rand
9.6308,1596.0,Rand
8.1491,6912.0,Rand
8.1491,6273.0,Rand
10.3716,2987.0,Rand
10.3716,4068.0,Rand
8.89,6509.0,Rand
8.89,2253.0,Rand
7.4083,12213.0,Rand
7.4083,3102.0,Rand
7.4083,24642.0,Rand
8.89,2694.0,Rand
7.4083,10890.0,Rand
7.4083,4831.0,Rand
8.1491,2598.0,Rand
7.4083,6096.0,Rand
9.6308,4350.0,Rand
5.9266,2292.0,Rand
8.1491,5671.0,Rand
9.6308,4477.0,Rand
8.1491,2200.0,Rand
7.4083,2995.0,Rand
8.89,3404.0,Rand
8.89,1207.0,Rand
9.6308,44473.0,Rand
10.3716,15156.0,Rand
7.4083,27506.0,Rand
8.1491,716.0,Rand
9.6308,969.0,Rand
8.89,1235.0,Rand
9.6308,1014.0,Rand
10.3716,11209.0,Rand
7.4083,2272.0,Rand
8.89,9003.0,Rand
8.89,203.0,Rand
8.89,21632.0,Rand
7.4083,1538.0,Rand
8.89,4268.0,Rand
7.4083,4094.0,Rand
8.89,30803.0,Rand
8.1491,8612.0,Rand
8.89,2304.0,Rand
8.89,12243.0,Rand
8.1491,2558.0,Rand
7.4083,3733.0,Rand
10.3716,1788.0,Rand
7.4083,9847.0,Rand
7.4083,5412.0,Rand
8.1491,15220.0,Rand
10.3716,103.0,Rand
6.6675,5036.0,Rand
8.89,13629.0,Rand
8.89,11568.0,Rand
7.4083,4536.0,Rand
8.1491,3824.0,Rand
9.6308,11411.0,Rand
8.1491,3878.0,Rand
7.4083,3872.0,Rand
7.4083,830.0,Rand
8.1491,7936.0,Rand
7.4083,6189.0,Rand
8.1491,5923.0,Rand
7.4083,12443.0,Rand
7.4083,11450.0,Rand
8.1491,15013.0,Rand
8.89,10582.0,Rand
7.4083,4149.0,Rand
8.89,8156.0,Rand
8.1491,4089.0,Rand
8.1491,4553.0,Rand
8.1491,10000.0,Rand
6.6675,6622.0,Rand
8.89,2011.0,Rand
5.9266,5145.0,Rand
8.89,1062.0,Rand
10.3716,4543.0,Rand
8.89,3372.0,Rand
9.6308,2940.0,Rand
8.1491,2780.0,Rand
7.4083,1599.0,Rand
8.89,13124.0,Rand
6.6675,13996.0,Rand
7.4083,8819.0,Rand
7.4083,7173.0,Rand
8.1491,3734.0,Rand
5.9266,6466.0,Rand
8.89,3603.0,Rand
8.1491,2474.0,Rand
7.4083,1729.0,Rand
6.6675,1028.0,Rand
9.6308,20.0,Rand
7.4083,3324.0,Rand
8.1491,801.0,Rand
7.4083,16659.0,Rand
10.3716,12244.0,Rand
7.4083,7407.0,Rand
7.4083,5393.0,Rand
9.6308,7831.0,Rand
8.89,1478.0,Rand
8.1491,672.0,Rand
5.9266,2288.0,Rand
7.4083,3913.0,Rand
8.1491,2506.0,Rand
6.6675,8506.0,Rand
8.89,3385.0,Rand
7.4083,5907.0,Rand
8.1491,3520.0,Rand
10.3716,1658.0,Rand
8.1491,6231.0,Rand
8.89,2426.0,Rand
8.1491,4395.0,Rand
10.3716,3654.0,Rand
10.3716,2740.0,Rand
8.1491,4532.0,Rand
8.89,10808.0,Rand
8.1491,1544.0,Rand
8.1491,1348.0,Rand
8.89,2024.0,Rand
7.4083,446.0,Rand
8.89,2008.0,Rand
8.1491,1331.0,Rand
8.1491,1326.0,Rand
7.4083,6656.0,Rand
8.89,5847.0,Rand
8.89,7403.0,Rand
5.1858,2879.0,Rand
7.4083,2623.0,Rand
8.89,4928.0,Rand
5.9266,578.0,Rand
9.6308,2182.0,Rand
8.1491,6247.0,Rand
8.89,4754.0,Rand
8.1491,13329.0,Rand
8.89,1397.0,Rand
8.1491,2245.0,Rand
8.1491,3972.0,Rand
8.89,8593.0,Rand
8.1491,6095.0,Rand
7.4083,14764.0,Rand
7.4083,7025.0,Rand
8.89,1383.0,Rand
7.4083,99.0,Rand
7.4083,3793.0,Rand
7.4083,2364.0,Rand
8.1491,36.0,Rand
8.1491,2626.0,Rand
8.1491,7108.0,Rand
8.1491,7238.0,Rand
8.89,625.0,Rand
8.1491,551.0,Rand
8.89,2173.0,Rand
9.6308,3767.0,Rand
8.89,10456.0,Rand
7.4083,2520.0,Rand
6.6675,3726.0,Rand
8.1491,1128.0,Rand
8.89,1862.0,Rand
8.89,4103.0,Rand
8.1491,2479.0,Rand
8.1491,2023.0,Rand
8.1491,2743.0,Rand
7.4083,2219.0,Rand
6.6675,3451.0,Rand
8.1491,3765.0,Rand
9.6308,1250.0,Rand
8.89,1091.0,Rand
6.6675,5816.0,Rand
7.4083,4796.0,Rand
8.1491,4192.0,Rand
8.1491,744.0,Rand
8.1491,2379.0,Rand
9.6308,6748.0,Rand
9.6308,2244.0,Rand
7.4083,3986.0,Rand
8.1491,313.0,Rand
5.1858,2726.0,Rand
8.89,352.0,Rand
8.1491,1020.0,Rand
9.6308,3186.0,Rand
5.9266,5307.0,Rand
7.4083,3186.0,Rand
7.4083,3636.0,Rand
4.445,6232.0,Rand
8.1491,3776.0,Rand
7.4083,4742.0,Rand
8.1491,1230.0,Rand
8.89,8643.0,Rand
8.1491,3688.0,Rand
8.89,1594.0,Rand
5.9266,9400.0,Rand
9.6308,1777.0,Rand
10.3716,2873.0,Rand
7.4083,295.0,Rand
8.89,507.0,Rand
7.4083,2106.0,Rand
7.4083,5402.0,Rand
10.3716,6053.0,Rand
8.1491,3149.0,Rand
8.1491,1498.0,Rand
8.1491,1987.0,Rand
8.89,2468.0,Rand
8.1491,3847.0,Rand
8.1491,3134.0,Rand
7.4083,5726.0,Rand
7.4083,365.0,Rand
8.89,1855.0,Rand
8.89,1216.0,Rand
9.6308,3881.0,Rand
8.1491,2042.0,Rand
5.9266,1329.0,Rand
8.1491,4548.0,Rand
8.89,1036.0,Rand
6.6675,2331.0,Rand
9.6308,1487.0,Rand
6.6675,897.0,Rand
8.1491,6084.0,Rand
8.89,2031.0,Rand
7.4083,9597.0,Rand
9.6308,3405.0,Rand
7.4083,580.0,Rand
8.89,635.0,Rand
8.1491,8127.0,Rand
7.4083,6997.0,Rand
8.1491,3214.0,Rand
8.1491,9645.0,Rand
9.6308,885.0,Rand
8.1491,1750.0,Rand
8.89,5.0,Rand
8.1491,90.0,Rand
8.89,3314.0,Rand
7.4083,4779.0,Rand
8.1491,3208.0,Rand
10.3716,97.0,Rand
7.4083,1577.0,Rand
9.6308,2512.0,Rand
8.89,1508.0,Rand
8.1491,567.0,Rand
8.1491,1139.0,Rand
8.1491,6777.0,Rand
8.89,1347.0,Rand
8.89,2160.0,Rand
7.4083,2546.0,Rand
8.89,140.0,Rand
7.4083,646.0,Rand
8.89,601.0,Rand
6.6675,806.0,Rand
7.4083,4070.0,Rand
8.1491,2397.0,Rand
10.3716,185.0,Rand
8.89,1103.0,Rand
8.89,914.0,Rand
8.89,5594.0,Rand
10.3716,2135.0,Rand
8.1491,4358.0,Rand
5.9266,919.0,Rand
8.1491,853.0,Rand
6.6675,7104.0,Rand
8.89,2449.0,Rand
8.1491,3328.0,Rand
8.1491,2296.0,Rand
9.6308,2170.0,Rand
7.4083,7197.0,Rand
8.89,778.0,Rand
7.4083,4625.0,Rand
8.1491,927.0,Rand
7.4083,1651.0,Rand
8.1491,1406.0,Rand
8.1491,342.0,Rand
8.89,1369.0,Rand
8.89,487.0,Rand
7.4083,8642.0,Rand
8.89,585.0,Rand
8.1491,1922.0,Rand
10.3716,1048.0,Rand
5.9266,1058.0,Rand
8.1491,15617.0,Rand
8.1491,1070.0,Rand
9.6308,471.0,Rand
8.1491,2457.0,Rand
7.4083,810.0,Rand
8.89,3017.0,Rand
8.89,1118.0,Rand
8.1491,853.0,Rand
7.4083,993.0,Rand
8.89,2272.0,Rand
10.3716,25.0,Rand
10.3716,66.0,Rand
8.1491,1985.0,Rand
8.89,6519.0,Rand
9.6308,1132.0,Rand
8.1491,1201.0,Rand
8.1491,4793.0,Rand
8.1491,7469.0,Rand
9.6308,2885.0,Rand
8.1491,5006.0,Rand
10.3716,6478.0,Rand
8.1491,3646.0,Rand
10.3716,2142.0,Rand
7.4083,1423.0,Rand
7.4083,8204.0,Rand
9.6308,3172.0,Rand
8.1491,430.0,Rand
8.89,4690.0,Rand
9.6308,2277.0,Rand
7.4083,4027.0,Rand
7.4083,139.0,Rand
8.89,911.0,Rand
8.89,3320.0,Rand
8.89,467.0,Rand
7.4083,1197.0,Rand
8.1491,1014.0,Rand
10.3716,2610.0,Rand
8.89,632.0,Rand
8.89,339.0,Rand
7.4083,1747.0,Rand
8.1491,988.0,Rand
8.89,3494.0,Rand
8.1491,3991.0,Rand
8.89,268.0,Rand
8.1491,3328.0,Rand
7.4083,5233.0,Rand
7.4083,3722.0,Rand
8.1491,3994.0,Rand
8.1491,831.0,Rand
8.89,605.0,Rand
8.1491,2708.0,Rand
8.1491,1384.0,Rand
7.4083,602.0,Rand
8.1491,1276.0,Rand
8.1491,869.0,Rand
8.1491,2133.0,Rand
8.1491,284.0,Rand
8.89,1211.0,Rand
8.1491,27.0,Rand
9.6308,3881.0,Rand
10.3716,1003.0,Rand
7.4083,547.0,Rand
5.9266,2798.0,Rand
8.1491,1845.0,Rand
8.89,1412.0,Rand
10.3716,1592.0,Rand
8.89,1209.0,Rand
9.6308,2690.0,Rand
8.1491,1171.0,Rand
8.1491,539.0,Rand
7.4083,56.0,Rand
8.89,2341.0,Rand
6.6675,2031.0,Rand
8.89,909.0,Rand
7.4083,2596.0,Rand
10.3716,29.0,Rand
8.1491,1165.0,Rand
8.1491,338.0,Rand
8.1491,843.0,Rand
9.6308,768.0,Rand
8.89,6420.0,Rand
8.1491,2844.0,Rand
10.3716,3403.0,Rand
8.89,5239.0,Rand
8.89,2341.0,Rand
8.89,3817.0,Rand
9.6308,542.0,Rand
8.1491,2916.0,Rand
9.6308,6220.0,Rand
5.9266,1223.0,Rand
8.89,1178.0,Rand
8.89,1281.0,Rand
10.3716,426.0,Rand
9.6308,1132.0,Rand
8.89,2121.0,Rand
8.89,787.0,Rand
8.1491,429.0,Rand
8.89,2067.0,Rand
4.445,5645.0,Rand
8.1491,1360.0,Rand
10.3716,48.0,Rand
9.6308,783.0,Rand
8.89,491.0,Rand
9.6308,1168.0,Rand
9.6308,1599.0,Rand
9.6308,49.0,Rand
8.89,1250.0,Rand
7.4083,1773.0,Rand
8.89,1242.0,Rand
8.89,484.0,Rand
7.4083,2502.0,Rand
9.6308,2538.0,Rand
6.6675,9186.0,Rand
7.4083,210.0,Rand
8.1491,1184.0,Rand
7.4083,4221.0,Rand
7.4083,2805.0,Rand
8.1491,963.0,Rand
8.89,3588.0,Rand
10.3716,1206.0,Rand
8.89,1205.0,Rand
8.89,1943.0,Rand
7.4083,2592.0,Rand
10.3716,2978.0,Rand
8.1491,1490.0,Rand
9.6308,104.0,Rand
8.1491,67.0,Rand
8.89,2490.0,Rand
8.89,416.0,Rand
8.89,542.0,Rand
8.1491,1569.0,Rand
9.6308,2330.0,Rand
8.1491,2537.0,Rand
8.1491,668.0,Rand
7.4083,755.0,Rand
8.89,861.0,Rand
7.4083,3035.0,Rand
8.1491,476.0,Rand
8.89,1961.0,Rand
8.1491,501.0,Rand
8.89,3894.0,Rand
6.6675,732.0,Rand
8.1491,3105.0,Rand
8.1491,632.0,Rand
9.6308,900.0,Rand
7.4083,65.0,Rand
10.3716,252.0,Rand
8.1491,1576.0,Rand
8.1491,1486.0,Rand
7.4083,503.0,Rand
8.89,634.0,Rand
7.4083,879.0,Rand
7.4083,3081.0,Rand
10.3716,225.0,Rand
8.89,4023.0,Rand
8.89,365.0,Rand
8.1491,285.0,Rand
8.89,1114.0,Rand
8.89,3093.0,Rand
9.6308,1079.0,Rand
8.89,567.0,Rand
8.1491,1036.0,Rand
8.89,1666.0,Rand
8.89,2308.0,Rand
9.6308,713.0,Rand
8.1491,75.0,Rand
5.1858,1855.0,Rand
8.1491,977.0,Rand
10.3716,17.0,Rand
7.4083,1145.0,Rand
9.6308,824.0,Rand
7.4083,661.0,Rand
8.89,506.0,Rand
8.89,2234.0,Rand
8.1491,449.0,Rand
8.89,895.0,Rand
8.89,172.0,Rand
6.6675,822.0,Rand
6.6675,2527.0,Rand
7.4083,791.0,Rand
8.89,455.0,Rand
6.6675,546.0,Rand
9.6308,141.0,Rand
8.89,846.0,Rand
8.89,98.0,Rand
10.3716,3214.0,Rand
8.89,544.0,Rand
8.1491,402.0,Rand
7.4083,1238.0,Rand
8.89,95.0,Rand
8.1491,399.0,Rand
8.89,416.0,Rand
9.6308,2394.0,Rand
9.6308,97.0,Rand
6.6675,470.0,Rand
7.4083,46.0,Rand
9.6308,276.0,Rand
8.1491,950.0,Rand
8.89,662.0,Rand
8.89,413.0,Rand
8.1491,1300.0,Rand
7.4083,419.0,Rand
8.89,735.0,Rand
6.6675,2237.0,Rand
8.1491,2314.0,Rand
8.1491,1060.0,Rand
8.89,54.0,Rand
8.89,1129.0,Rand
10.3716,318.0,Rand
8.89,1665.0,Rand
8.89,1354.0,Rand
8.89,3824.0,Rand
7.4083,151.0,Rand
7.4083,1897.0,Rand
5.9266,1496.0,Rand
9.6308,1057.0,Rand
8.1491,2453.0,Rand
7.4083,3187.0,Rand
9.6308,26.0,Rand
8.89,896.0,Rand
8.89,834.0,Rand
10.3716,40.0,Rand
8.89,1461.0,Rand
6.6675,96.0,Rand
7.4083,770.0,Rand
8.1491,1275.0,Rand
8.89,311.0,Rand
8.1491,63.0,Rand
8.89,350.0,Rand
7.4083,4106.0,Rand
9.6308,908.0,Rand
7.4083,2415.0,Rand
10.3716,65.0,Rand
9.6308,627.0,Rand
7.4083,99.0,Rand
6.6675,1244.0,Rand
6.6675,1221.0,Rand
10.3716,3083.0,Rand
10.3716,805.0,Rand
8.89,608.0,Rand
8.1491,1245.0,Rand
9.6308,2772.0,Rand
8.1491,286.0,Rand
6.6675,52.0,Rand
7.4083,651.0,Rand
8.89,1296.0,Rand
8.89,914.0,Rand
8.1491,1154.0,Rand
8.1491,71.0,Rand
9.6308,1080.0,Rand
8.89,161.0,Rand
8.1491,776.0,Rand
8.89,454.0,Rand
8.1491,220.0,Rand
7.4083,453.0,Rand
7.4083,293.0,Rand
8.89,61.0,Rand
7.4083,444.0,Rand
8.1491,266.0,Rand
10.3716,2654.0,Rand
8.1491,712.0,Rand
8.1491,2405.0,Rand
7.4083,91.0,Rand
10.3716,299.0,Rand
8.1491,349.0,Rand
8.89,38.0,Rand
8.1491,450.0,Rand
5.9266,991.0,Rand
8.1491,673.0,Rand
8.1491,318.0,Rand
8.89,221.0,Rand
8.89,746.0,Rand
8.89,470.0,Rand
9.6308,1266.0,Rand
8.89,550.0,Rand
9.6308,607.0,Rand
8.1491,688.0,Rand
8.1491,87.0,Rand
9.6308,886.0,Rand
9.6308,664.0,Rand
8.1491,758.0,Rand
8.1491,343.0,Rand
8.89,405.0,Rand
8.89,423.0,Rand
8.1491,70.0,Rand
10.3716,84.0,Rand
7.4083,146.0,Rand
8.89,84.0,Rand
7.4083,428.0,Rand
8.1491,1205.0,Rand
8.1491,1516.0,Rand
8.89,77.0,Rand
8.89,437.0,Rand
8.89,538.0,Rand
8.1491,551.0,Rand
9.6308,1054.0,Rand
7.4083,480.0,Rand
10.3716,726.0,Rand
8.89,128.0,Rand
9.6308,427.0,Rand
8.1491,2236.0,Rand
8.1491,184.0,Rand
8.89,1400.0,Rand
7.4083,534.0,Rand
8.89,1489.0,Rand
8.89,1634.0,Rand
9.6308,692.0,Rand
8.89,3585.0,Rand
10.3716,197.0,Rand
7.4083,465.0,Rand
8.89,1036.0,Rand
8.1491,639.0,Rand
5.9266,510.0,Rand
7.4083,751.0,Rand
10.3716,449.0,Rand
8.89,55.0,Rand
8.1491,2135.0,Rand
8.1491,187.0,Rand
8.1491,147.0,Rand
8.1491,401.0,Rand
8.89,1823.0,Rand
8.89,404.0,Rand
8.1491,391.0,Rand
5.9266,259.0,Rand
7.4083,861.0,Rand
8.1491,928.0,Rand
7.4083,373.0,Rand
8.1491,270.0,Rand
8.89,711.0,Rand
8.89,402.0,Rand
7.4083,71.0,Rand
7.4083,221.0,Rand
8.89,95.0,Rand
8.1491,783.0,Rand
8.89,208.0,Rand
8.89,97.0,Rand
8.89,491.0,Rand
8.89,97.0,Rand
7.4083,53.0,Rand
6.6675,531.0,Rand
8.89,117.0,Rand
8.89,582.0,Rand
8.89,467.0,Rand
9.6308,238.0,Rand
8.89,840.0,Rand
8.89,382.0,Rand
10.3716,717.0,Rand
8.89,360.0,Rand
8.1491,72.0,Rand
7.4083,3134.0,Rand
8.1491,1268.0,Rand
8.1491,1872.0,Rand
8.1491,395.0,Rand
8.89,170.0,Rand
8.1491,1764.0,Rand
8.1491,510.0,Rand
7.4083,43.0,Rand
8.1491,148.0,Rand
8.1491,863.0,Rand
9.6308,111.0,Rand
8.1491,583.0,Rand
9.6308,564.0,Rand
8.1491,188.0,Rand
7.4083,628.0,Rand
9.6308,83.0,Rand
8.1491,428.0,Rand
6.6675,492.0,Rand
8.89,846.0,Rand
8.1491,216.0,Rand
7.4083,792.0,Rand
8.1491,225.0,Rand
8.89,371.0,Rand
4.445,21.0,Rand
8.1491,432.0,Rand
9.6308,776.0,Rand
8.89,1082.0,Rand
9.6308,828.0,Rand
7.4083,790.0,Rand
9.6308,444.0,Rand
8.89,943.0,Rand
7.4083,87.0,Rand
8.1491,449.0,Rand
8.89,458.0,Rand
7.4083,30.0,Rand
8.89,434.0,Rand
9.6308,74.0,Rand
8.89,1047.0,Rand
8.89,403.0,Rand
7.4083,285.0,Rand
7.4083,118.0,Rand
9.6308,33.0,Rand
9.6308,417.0,Rand
8.1491,107.0,Rand
9.6308,362.0,Rand
8.1491,158.0,Rand
8.1491,395.0,Rand
9.6308,16.0,Rand
7.4083,85.0,Rand
9.6308,204.0,Rand
8.1491,142.0,Rand
8.89,37.0,Rand
7.4083,188.0,Rand
7.4083,585.0,Rand
8.89,1012.0,Rand
9.6308,976.0,Rand
8.89,155.0,Rand
10.3716,97.0,Rand
9.6308,18.0,Rand
10.3716,335.0,Rand
10.3716,171.0,Rand
8.89,485.0,Rand
10.3716,170.0,Rand
7.4083,93.0,Rand
9.6308,223.0,Rand
7.4083,710.0,Rand
7.4083,364.0,Rand
9.6308,405.0,Rand
9.6308,1021.0,Rand
8.89,98.0,Rand
8.1491,90.0,Rand
8.89,107.0,Rand
7.4083,106.0,Rand
8.89,128.0,Rand
8.89,210.0,Rand
8.89,74.0,Rand
8.89,258.0,Rand
8.89,557.0,Rand
9.6308,950.0,Rand
8.1491,170.0,Rand
8.1491,340.0,Rand
8.89,333.0,Rand
8.1491,78.0,Rand
9.6308,661.0,Rand
8.89,297.0,Rand
8.1491,24.0,Rand
8.89,113.0,Rand
9.6308,249.0,Rand
8.89,322.0,Rand
8.89,106.0,Rand
8.89,23.0,Rand
7.4083,260.0,Rand
8.1491,237.0,Rand
8.89,85.0,Rand
8.1491,157.0,Rand
6.6675,280.0,Rand
8.1491,57.0,Rand
7.4083,76.0,Rand
7.4083,353.0,Rand
8.89,220.0,Rand
8.1491,116.0,Rand
8.89,57.0,Rand
8.89,190.0,Rand
9.6308,6.0,Rand
8.1491,391.0,Rand
8.89,130.0,Rand
10.3716,39.0,Rand
6.6675,11.0,Rand
8.89,142.0,Rand
8.89,63.0,Rand
8.89,425.0,Rand
8.89,82.0,Rand
10.3716,15.0,Rand
6.6675,405.0,Rand
7.4083,547.0,Rand
7.4083,421.0,Rand
9.6308,85.0,Rand
8.89,68.0,Rand
8.89,234.0,Rand
8.1491,206.0,Rand
8.89,269.0,Rand
8.89,347.0,Rand
8.1491,319.0,Rand
10.3716,59.0,Rand
8.1491,77.0,Rand
8.1491,248.0,Rand
7.4083,848.0,Rand
9.6308,256.0,Rand
9.6308,49.0,Rand
8.89,97.0,Rand
10.3716,231.0,Rand
10.3716,53.0,Rand
8.1491,255.0,Rand
7.4083,279.0,Rand
8.89,27.0,Rand
6.6675,93.0,Rand
7.4083,6.0,Rand
7.4083,354.0,Rand
8.89,47.0,Rand
7.4083,44.0,Rand
8.89,73.0,Rand
8.1491,29.0,Rand
8.89,86.0,Rand
8.89,39.0,Rand
9.6308,87.0,Rand
7.4083,31.0,Rand
8.1491,70.0,Rand
8.89,22.0,Rand
9.6308,219.0,Rand
9.6308,59.0,Rand
8.89,97.0,Rand
8.89,85.0,Rand
9.6308,44.0,Rand
8.89,35.0,Rand
9.6308,45.0,Rand
8.89,63.0,Rand
8.89,106.0,Rand
8.89,356.0,Rand
10.3716,8.0,Rand
8.89,38.0,Rand
5.9266,12.0,Rand
7.4083,120.0,Rand
8.89,41.0,Rand
6.6675,153.0,Rand
6.6675,46.0,Rand
8.89,286.0,Rand
8.1491,24.0,Rand
8.89,269.0,Rand
6.6675,101.0,Rand
9.6308,19.0,Rand
8.89,461.0,Rand
9.6308,45.0,Rand
8.89,55.0,Rand
8.1491,76.0,Rand
10.3716,88.0,Rand
7.4083,171.0,Rand
7.4083,183.0,Rand
8.1491,43.0,Rand
8.89,244.0,Rand
8.1491,185.0,Rand
10.3716,75.0,Rand
10.3716,18.0,Rand
8.1491,58.0,Rand
8.89,135.0,Rand
9.6308,31.0,Rand
7.4083,591.0,Rand
8.89,4.0,Rand
9.6308,29.0,Rand
9.6308,229.0,Rand
8.89,165.0,Rand
8.89,64.0,Rand
9.6308,44.0,Rand
8.1491,81.0,Rand
7.4083,266.0,Rand
8.1491,61.0,Rand
10.3716,97.0,Rand
8.1491,104.0,Rand
8.1491,112.0,Rand
10.3716,85.0,Rand
9.6308,90.0,Rand
8.1491,193.0,Rand
8.89,115.0,Rand
8.1491,121.0,Rand
8.1491,66.0,Rand
8.1491,128.0,Rand
10.3716,49.0,Rand
8.89,67.0,Rand
9.6308,271.0,Rand
10.3716,149.0,Rand
8.89,320.0,Rand
9.6308,19.0,Rand
8.89,36.0,Rand
6.6675,77.0,Rand
10.3716,81.0,Rand
9.6308,82.0,Rand
8.89,90.0,Rand
8.89,102.0,Rand
4.445,14.0,Rand
9.6308,47.0,Rand
6.6675,39.0,Rand
8.89,32.0,Rand
8.89,244.0,Rand
8.1491,74.0,Rand
10.3716,42.0,Rand
8.1491,4.0,Rand
8.1491,40.0,Rand
10.3716,211.0,Rand
9.6308,38.0,Rand
8.1491,30.0,Rand
7.4083,125.0,Rand
8.1491,146.0,Rand
7.4083,31.0,Rand
8.1491,58.0,Rand
7.4083,107.0,Rand
6.6675,4.0,Rand
10.3716,68.0,Rand
8.1491,78.0,Rand
8.1491,33.0,Rand
7.4083,25.0,Rand
8.89,31.0,Rand
9.6308,14.0,Rand
9.6308,165.0,Rand
8.89,58.0,Rand
7.4083,108.0,Rand
7.4083,20.0,Rand
6.6675,20.0,Rand
8.1491,26.0,Rand
8.89,66.0,Rand
9.6308,109.0,Rand
7.4083,55.0,Rand
8.89,170.0,Rand
10.3716,65.0,Rand
7.4083,9.0,Rand
10.3716,55.0,Rand
7.4083,159.0,Rand
8.89,44.0,Rand
9.6308,3.0,Rand
8.89,59.0,Rand
8.89,99.0,Rand
8.89,95.0,Rand
8.1491,23.0,Rand
7.4083,167.0,Rand
8.89,97.0,Rand
8.1491,10.0,Rand
8.89,65.0,Rand
8.89,65.0,Rand
7.4083,10.0,Rand
7.4083,23.0,Rand
9.6308,4.0,Rand
7.4083,208.0,Rand
8.89,42.0,Rand
8.89,62.0,Rand
8.89,33.0,Rand
8.1491,20.0,Rand
9.6308,55.0,Rand
7.4083,52.0,Rand
9.6308,39.0,Rand
10.3716,62.0,Rand
8.89,52.0,Rand
8.1491,72.0,Rand
9.6308,6.0,Rand
9.6308,76.0,Rand
8.1491,85.0,Rand
8.89,20.0,Rand
9.6308,52.0,Rand
9.6308,68.0,Rand
8.1491,67.0,Rand
8.1491,96.0,Rand
10.3716,13.0,Rand
8.89,58.0,Rand
8.1491,21.0,Rand
9.6308,16.0,Rand
7.4083,19.0,Rand
9.6308,68.0,Rand
8.1491,31.0,Rand
8.1491,8.0,Rand
8.89,29.0,Rand
8.1491,13.0,Rand
8.89,38.0,Rand
9.6308,41.0,Rand
10.3716,61.0,Rand
10.3716,28.0,Rand
7.4083,32.0,Rand
7.4083,67.0,Rand
8.1491,16.0,Rand
8.1491,35.0,Rand
10.3716,80.0,Rand
10.3716,70.0,Rand
8.1491,73.0,Rand
7.4083,75.0,Rand
8.89,9.0,Rand
8.89,39.0,Rand
9.6308,21.0,Rand
9.6308,60.0,Rand
9.6308,7.0,Rand
8.89,2.0,Rand
10.3716,21.0,Rand
9.6308,12.0,Rand
7.4083,56.0,Rand
7.4083,16.0,Rand
8.1491,24.0,Rand
8.89,54.0,Rand
9.6308,19.0,Rand
9.6308,2.0,Rand
8.1491,26.0,Rand
8.89,46.0,Rand
8.1491,1.0,Rand
9.6308,103.0,Rand
7.4083,50.0,Rand
7.4083,24.0,Rand
8.1491,10.0,Rand
8.1491,60.0,Rand
8.1491,70.0,Rand
8.89,15.0,Rand
8.1491,31.0,Rand
8.1491,32.0,Rand
8.89,8.0,Rand
9.6308,36.0,Rand
10.3716,15.0,Rand
7.4083,16.0,Rand
8.89,10.0,Rand
8.89,10.0,Rand
9.6308,87.0,Rand
6.6675,81.0,Rand
9.6308,20.0,Rand
9.6308,17.0,Rand
8.89,13.0,Rand
9.6308,13.0,Rand
8.1491,6.0,Rand
9.6308,5.0,Rand
8.1491,14.0,Rand
8.89,10.0,Rand
9.6308,36.0,Rand
9.6308,57.0,Rand
9.6308,16.0,Rand
8.1491,35.0,Rand
8.89,12.0,Rand
8.89,31.0,Rand
8.89,66.0,Rand
8.89,20.0,Rand
9.6308,23.0,Rand
8.1491,5.0,Rand
7.4083,24.0,Rand
10.3716,2.0,Rand
8.1491,12.0,Rand
8.1491,6.0,Rand
7.4083,20.0,Rand
8.1491,1.0,Rand
7.4083,14.0,Rand
9.6308,1.0,Rand
10.3716,9.0,Rand
7.4083,18.0,Rand
7.4083,51.0,Rand
8.89,61.0,Rand
8.89,2.0,Rand
10.3716,9.0,Rand
9.6308,3.0,Rand
8.1491,20.0,Rand
8.89,12.0,Rand
9.6308,11.0,Rand
8.1491,7.0,Rand
8.89,11.0,Rand
8.1491,4.0,Rand
10.3716,45.0,Rand
9.6308,18.0,Rand
8.1491,32.0,Rand
10.3716,41.0,Rand
10.3716,6.0,Rand
10.3716,7.0,Rand
9.6308,6.0,Rand
9.6308,3.0,Rand
9.6308,4.0,Rand
8.89,15.0,Rand
9.6308,13.0,Rand
8.89,7.0,Rand
6.6675,6.0,Rand
7.4083,7.0,Rand
8.1491,3.0,Rand
10.3716,5.0,Rand
9.6308,1.0,Rand
11.1124,4.0,Rand
8.1491,2.0,Rand
10.3716,6.0,Rand
8.89,20.0,Rand
8.89,12.0,Rand
9.6308,4.0,Rand
8.89,6.0,Rand
8.1491,17.0,Rand
8.1491,17.0,Rand
7.4083,14.0,Rand
8.1491,3.0,Rand
8.89,5.0,Rand
8.1491,32.0,Rand
8.1491,12.0,Rand
10.3716,12.0,Rand
8.89,8.0,Rand
8.89,19.0,Rand
9.6308,14.0,Rand
8.1491,10.0,Rand
8.89,9.0,Rand
8.89,7.0,Rand
9.6308,22.0,Rand
7.4083,5.0,Rand
8.1491,4.0,Rand
8.89,3.0,Rand
7.4083,2.0,Rand
8.1491,3.0,Rand
7.4083,2.0,Rand
6.6675,19.0,Rand
8.1491,3.0,Rand
8.89,9.0,Rand
9.6308,2.0,Rand
9.6308,2.0,Rand
7.4083,10.0,Rand
8.89,2.0,Rand
7.4083,17.0,Rand
9.6308,9.0,Rand
8.89,1.0,Rand
8.1491,43.0,Rand
8.1491,3.0,Rand
9.6308,1.0,Rand
8.1491,1.0,Rand
7.4083,12.0,Rand
6.6675,3.0,Rand
8.89,4.0,Rand
5.9266,13.0,Rand
10.3716,12.0,Rand
8.89,3.0,Rand
10.3716,5.0,Rand
9.6308,1.0,Rand
8.89,3.0,Rand
9.6308,5.0,Rand
8.1491,1.0,Rand
8.1491,1.0,Rand
5.9266,15.0,Rand
8.1491,5.0,Rand
8.89,1.0,Rand
8.89,4.0,Rand
9.6308,5.0,Rand
7.4083,5.0,Rand
8.89,2.0,Rand
8.89,4.0,Rand
9.6308,2.0,Rand
8.1491,2.0,Rand
9.6308,3.0,Rand
7.4083,11.0,Rand
9.6308,5.0,Rand
9.6308,1.0,Rand
8.89,7.0,Rand
7.4083,3.0,Rand
9.6308,7.0,Rand
8.1491,5.0,Rand
8.1491,1.0,Rand
10.3716,7.0,Rand
8.1491,5.0,Rand
8.1491,1.0,Rand
7.4083,4.0,Rand
9.6308,1.0,Rand
9.6308,7.0,Rand
8.89,12.0,Rand
10.3716,2.0,Rand
8.1491,3.0,Rand
8.1491,2.0,Rand
8.1491,9.0,Rand
9.6308,1.0,Rand
8.89,3.0,Rand
6.6675,4.0,Rand
8.1491,4.0,Rand
8.89,3.0,Rand
10.3716,1.0,Rand
9.6308,1.0,Rand
8.1491,6.0,Rand
10.3716,2.0,Rand
8.1491,1.0,Rand
7.4083,3.0,Rand
8.89,2.0,Rand
8.1491,3.0,Rand
10.3716,8.0,Rand
8.1491,2.0,Rand
8.1491,3.0,Rand
8.89,2.0,Rand
9.6308,1.0,Rand
8.89,2.0,Rand
8.89,4.0,Rand
9.6308,1.0,Rand
8.1491,1.0,Rand
8.89,1.0,Rand
8.1491,2.0,Rand
9.6308,3.0,Rand
8.89,1.0,Rand
8.1491,2.0,Rand
8.89,5.0,Rand
8.1491,6.0,Rand
8.1491,1.0,Rand
8.89,2.0,Rand
8.89,2.0,Rand
8.89,2.0,Rand
8.89,2.0,Rand
8.89,1.0,Rand
8.1491,2.0,Rand
8.89,8.0,Rand
9.6308,1.0,Rand
8.1491,4.0,Rand
9.6308,2.0,Rand
8.1491,2.0,Rand
9.6308,2.0,Rand
8.1491,1.0,Rand
9.6308,1.0,Rand
7.4083,1.0,Rand
9.6308,2.0,Rand
8.89,3.0,Rand
8.89,2.0,Rand
8.1491,1.0,Rand
8.89,3.0,Rand
9.6308,1.0,Rand
8.89,1.0,Rand
8.89,1.0,Rand
9.6308,1.0,Rand
8.1491,1.0,Rand
8.89,1.0,Rand
8.1491,1.0,Rand
8.1491,1.0,Rand
8.1491,1.0,Rand
9.6308,1.0,Rand
11.1124,1.0,Rand
8.1491,1.0,Rand
7.4083,2.0,Rand
8.1491,1.0,Rand
8.1491,1.0,Rand
8.1491,1.0,Rand
